caseNumber,startingCondition,breakdownCondition,betas,sigma,maxProductionSpeed
1,0,10000,"[0.004765508990216247, 0.00911607783969773, 0.013118213223374553]",5,10000
